20.24.129.76,is_datacenter
18.176.34.35,is_datacenter
95.211.52.48,is_datacenter
89.149.201.154,is_datacenter
144.34.174.183,is_datacenter
91.215.153.24,is_datacenter
142.4.215.131,is_datacenter
208.83.233.184,is_datacenter
51.158.200.52,is_datacenter
92.60.40.227,is_vpn
161.35.79.214,is_vpn,is_datacenter
173.82.16.80,is_datacenter
170.178.223.232,is_datacenter
95.168.162.215,is_datacenter
205.185.115.16,is_bot,is_datacenter
207.148.120.74,is_datacenter
209.141.40.89,is_datacenter
74.50.67.22,is_datacenter
